cc_num,total_transactions,total_spend,avg_transaction_amt,max_single_transaction,unique_categories,spend_tier
6011367958204270,3110,296436.73,95.32,8524.52,14,Premium
4908846471916297,3039,290478.49,95.58,12176.55,14,Premium
6011438889172900,3106,284013.5,91.44,1962.76,14,Premium
36722699017270,3119,280008.05,89.77,1469.33,14,Premium
6011893664860915,3090,278325.97,90.07,8217.23,14,Premium
6011109736646996,3101,278139.27,89.69,2976.41,14,Premium
3583635130604947,3026,278042.99,91.88,2447.75,14,Premium
2712209726293386,3064,277085.65,90.43,7486.04,14,Premium
4836998673805450,3027,275930.63,91.16,5160.64,14,Premium
372509258176510,3054,275889.68,90.34,10469.09,14,Premium
180048185037117,3080,274019.88,88.97,2004.44,14,Premium
344709867813900,3027,273723.12,90.43,1510.15,14,Premium
3590736522064285,3081,273162.27,88.66,3729.41,14,Premium
180094419304907,3026,272866.42,90.17,2415.54,14,Premium
3566094707272327,3034,272468.9,89.81,1679.89,14,Premium
213141712584544,3046,271661.15,89.19,2123.7,14,Premium
3521417320836166,3032,270698.48,89.28,1536.26,14,Premium
6538891242532018,3072,269099.47,87.6,1707.05,14,Premium
4792627764422477317,3082,260008.37,84.36,1804.27,14,Premium
4939976756738216,3038,258282.59,85.02,1461.89,14,Premium
3576431665303017,3023,256768.11,84.94,1855.18,14,Premium
3551217896304745,3055,254989.34,83.47,1797.22,14,Premium
213157767990030,2562,240020.21,93.68,2175.59,14,Premium
3586008444788268,2602,238545.08,91.68,6972.53,14,Premium
4646845581490336108,2582,237516.52,91.99,2299.61,14,Premium
180031190491743,2539,236038.18,92.97,2764.26,14,Premium
3531129874770000,2530,232098.45,91.74,2065.96,14,Premium
3518234918950662,2590,231510.73,89.39,1793.41,14,Premium
3598215285024754,2577,230738.38,89.54,2266.04,14,Premium
4745996322265,2922,230041.75,78.73,9931.82,14,Premium
4681601008538160,2564,225624.2,88.0,4758.79,14,Premium
30131826429364,2587,225139.35,87.03,2592.35,14,Premium
4861310130652566408,2524,224708.15,89.03,2978.18,14,Premium
373905417449658,2562,224174.34,87.5,2228.7,14,Premium
30551643947183,2585,223866.0,86.6,1978.05,14,Premium
6011724471098086,2572,223854.66,87.04,1155.69,14,Premium
346273234529002,2599,223440.82,85.97,2855.53,14,Premium
30044330818990,2524,222480.84,88.15,1471.85,14,Premium
6538441737335434,2918,221146.62,75.79,17897.24,14,Premium
30199621383748,2564,216981.43,84.63,1675.94,14,Premium
4586810168620942,2918,216379.45,74.15,1334.07,14,Premium
36913587729122,2498,215804.74,86.39,3370.53,14,Premium
30273037698427,2949,214442.24,72.72,1234.22,14,Premium
567868110212,2558,213039.8,83.28,2713.44,14,Premium
372520049757633,2973,211808.75,71.24,1834.62,14,Premium
370877495212014,2572,211302.71,82.16,1587.33,14,Premium
4587657402165341815,2915,209256.44,71.79,1224.1,14,Premium
2242542703101233,2949,209016.52,70.88,1228.27,14,Premium
376028110684021,2050,204477.6,99.75,900.06,14,Premium
4301028321766222513,2054,204042.4,99.34,1007.57,14,Premium
4223708906367574214,2082,203267.53,97.63,1140.22,14,Premium
38199021865320,2097,202428.03,96.53,1148.2,14,Premium
3559160581764413,2049,199987.45,97.6,1041.04,14,Premium
4841313716651064,2051,199435.8,97.24,1094.14,14,Premium
4149238353975790,2074,199199.35,96.05,989.31,14,Premium
4855488158131690372,2045,198115.34,96.88,1229.99,14,Premium
30428204673351,2033,198108.02,97.45,1090.18,14,Premium
4683638447911,2051,197587.1,96.34,909.75,14,Premium
180011453250192,2065,197492.15,95.64,627.69,14,Premium
4451952084362894,2042,197432.96,96.69,1146.99,14,Premium
4457732997086323466,2049,197280.23,96.28,1214.39,14,Premium
4446368897795790,2068,197223.88,95.37,1036.05,14,Premium
213193596103206,2073,196300.0,94.69,853.5,14,Premium
3534330126107879,2080,196094.17,94.28,598.36,14,Premium
4873783502705038,2038,194213.18,95.3,2992.76,14,Premium
2720012583106919,2024,193805.47,95.75,899.63,14,Premium
6506116513503136,2102,193561.46,92.08,1225.41,14,Premium
180049032966888,2093,192657.95,92.05,836.07,14,Premium
375534208663984,2017,191974.21,95.18,655.45,14,Premium
571365235126,3123,191918.03,61.45,3413.05,14,Premium
4997733566924489,2062,191617.84,92.93,2132.9,14,Premium
630451534402,3074,190975.99,62.13,14630.68,14,Premium
30026790933302,2035,189228.01,92.99,637.45,14,Premium
630484879808,2003,188061.88,93.89,820.01,14,Premium
3577578023716568,2025,187828.36,92.75,9999.39,14,Premium
3500969075198072,2458,187818.27,76.41,1395.29,14,Premium
676102124465,2091,187586.22,89.71,2399.45,14,Premium
30030380240193,2024,187286.11,92.53,1047.73,14,Premium
30074693890476,2057,185726.19,90.29,1746.85,14,Premium
571465035400,2009,184945.6,92.06,1195.5,14,Premium
4642255475285942,3040,184672.82,60.75,4344.87,14,Premium
30197398657930,2071,184672.54,89.17,1769.52,14,Premium
342952484382519,3090,184162.8,59.6,8266.86,14,Premium
2252055259910912,2024,184011.25,90.91,861.45,14,Premium
3596217206093829,3051,183914.73,60.28,2326.12,14,Premium
5540636818935089,2597,181682.84,69.96,25086.94,14,Premium
4998109455173950,2045,181476.8,88.74,1650.57,14,Premium
345933964507467,3077,181391.83,58.95,4246.28,14,Premium
4514242065619750,2021,180762.9,89.44,1934.26,14,Premium
4069975342931683,2047,179963.32,87.92,3396.63,14,Premium
630424987505,3099,179584.45,57.95,4772.77,14,Premium
213112402583773,3117,179368.37,57.55,8255.19,14,Premium
4904681492230012,3095,178563.56,57.69,4951.14,14,Premium
3575789281659026,3087,177763.42,57.58,3539.85,14,Premium
4003989662068504,2553,177737.56,69.62,10525.07,14,Premium
3541160328600277,2456,177365.62,72.22,1423.84,14,Premium
2703186189652095,2028,177233.44,87.39,2181.32,14,Premium
4099707841315751,2619,175029.62,66.83,12025.3,14,Premium
4512828414983801773,3123,172868.53,55.35,4304.22,14,Premium
6011652924285713,3045,170856.34,56.11,7470.87,14,Premium
4809701904914,2002,170757.85,85.29,1524.46,14,Premium
3560797065840735,3056,170000.95,55.63,4026.86,14,Premium
376445266762684,3061,169807.22,55.47,3176.51,14,Premium
4560395181594436016,1996,169340.86,84.84,2054.05,14,Premium
30238755902988,3071,169032.61,55.04,4403.24,14,Premium
3553629419254918,3088,168068.03,54.43,3123.66,14,Premium
213156747557083,2603,167152.2,64.22,3923.46,14,Premium
6011504998544485,3083,165741.18,53.76,1857.08,14,Premium
2264937662466770,2558,164891.56,64.46,15047.03,14,Premium
30270432095985,3006,164394.46,54.69,2910.18,14,Premium
2720433095629877,3107,164002.26,52.78,3136.33,14,Premium
630423337322,3030,163466.44,53.95,3026.86,14,Premium
6534628260579800,3112,163214.11,52.45,4522.11,14,Premium
3589255887819806,2519,163202.61,64.79,3878.7,14,Premium
4464457352619,2572,162263.25,63.09,8981.87,14,Premium
4561546772499,2554,161994.27,63.43,5695.02,14,Premium
374930071163758,2548,159819.61,62.72,4084.34,14,Premium
4956828990005111019,2566,159818.53,62.28,3988.81,14,Premium
4755696071492,2591,159036.96,61.38,6136.65,14,Premium
4170689372027579,2561,158570.9,61.92,3415.15,14,Premium
4716561796955522,3074,158245.1,51.48,2684.48,14,Premium
3589289942931264,2553,157789.09,61.81,3710.15,14,Premium
3511378610369890,2523,157566.0,62.45,4785.45,14,Premium
4681699462969,2576,156983.7,60.94,4051.62,14,Premium
503874407318,2565,156604.7,61.05,3433.99,14,Premium
4040099974063068803,1535,156415.83,101.9,1188.86,14,Premium
2254917871818484,2578,156237.03,60.6,3877.5,14,Premium
639023984367,2562,156000.51,60.89,10881.08,14,Premium
581293083266,1559,155847.0,99.97,1111.45,14,Premium
377026671291680,2530,155522.84,61.47,4950.99,14,Premium
4777065439639721,1566,155379.37,99.22,1118.84,14,Premium
3502088871723054,2564,155348.79,60.59,4591.7,14,Premium
4979422371139333,2050,153552.58,74.9,28948.9,14,Premium
4181833256558613886,2578,153292.77,59.46,2359.2,14,Premium
4900628639996,2568,152881.76,59.53,2979.65,14,Premium
30235438713303,2551,152727.3,59.87,3711.76,14,Premium
3525590521269779,2555,152213.74,59.57,5816.67,14,Premium
4613314721966,1513,151777.39,100.32,1254.27,14,Premium
38797410705641,1548,151347.42,97.77,976.64,14,Premium
2706977570537524,1557,151299.07,97.17,1123.86,14,Premium
349612764943496,1516,151215.59,99.75,1042.27,14,Premium
3595192916105588,2525,151125.8,59.85,4262.78,14,Premium
3545109339866548,3113,150914.97,48.48,4185.61,14,Premium
676372984911,2574,150208.49,58.36,3436.85,14,Premium
4536996888716062123,2611,150015.91,57.46,2193.07,14,Premium
3543591270174051,2540,149866.54,59.0,2849.59,14,Premium
180036456789979,2585,149752.48,57.93,3519.6,14,Premium
6011348830550197,2566,149622.25,58.31,2409.18,14,Premium
4010002218955876,1588,149246.41,93.98,2711.53,14,Premium
2475085306462014,1535,148374.33,96.66,642.93,14,Premium
30234966027947,2570,148181.73,57.66,2301.48,14,Premium
3587044315915002,1542,148142.75,96.07,605.78,14,Premium
371226440126102,2534,147286.44,58.12,1999.2,14,Premium
342319985983023,1542,147164.47,95.44,1105.6,14,Premium
213178850083780,1551,147127.38,94.86,1061.19,14,Premium
3540210836308425,1555,147045.97,94.56,1028.7,14,Premium
3568736585751727,1505,146957.65,97.65,937.55,14,Premium
4302480582202074,2559,146741.58,57.34,6818.74,14,Premium
340953839692349,2554,146354.54,57.3,2437.55,14,Premium
4935858973307492,1548,146262.88,94.49,992.37,14,Premium
3561963695236764,1550,146123.59,94.27,1061.31,14,Premium
502038091380,1574,145935.23,92.72,1124.91,14,Premium
30230540139182,1554,145890.03,93.88,1009.68,14,Premium
4906628655840914250,2584,145889.36,56.46,6996.39,14,Premium
3521815216091574,1510,145758.51,96.53,1073.2,14,Premium
340951438290556,1517,144848.6,95.48,2811.96,14,Premium
4344955088481397,1525,144130.18,94.51,977.99,14,Premium
581686439828,2552,144016.04,56.43,3373.11,14,Premium
4503101193493052864,1546,143985.85,93.13,9995.78,14,Premium
3587960728692500,1979,143866.0,72.7,1131.0,14,Premium
4334230547694630,2054,143214.01,69.72,8845.93,14,Premium
36485887555770,1959,143028.29,73.01,1239.22,14,Premium
4926376199189801,1565,142540.64,91.08,1208.98,14,Premium
4005676619255478,2540,142452.97,56.08,1843.51,14,Premium
4452366298769043,2555,142451.15,55.75,3140.02,14,Premium
30442439074871,1551,142197.15,91.68,3353.38,14,Premium
4364010865167176,3011,142060.63,47.18,3069.89,14,Premium
4610050989831291,1535,142051.23,92.54,1153.58,14,Premium
4560004149983868183,1547,141472.22,91.45,1835.58,14,Premium
6011148190095209,1530,140163.86,91.61,2084.1,14,Premium
4584931703207308232,1551,140139.33,90.35,9197.47,14,Premium
3535808924394848,1528,140027.33,91.64,602.52,14,Premium
213148039875802,1514,139917.05,92.42,8428.57,14,Premium
561942763351,1563,139910.23,89.51,1715.42,14,Premium
4992346398065154184,2059,139690.45,67.84,4669.07,14,Premium
4450831335606294,2038,139625.31,68.51,15034.18,14,Premium
6011104316292105,2547,139539.66,54.79,3267.57,14,Premium
2229378226512508,1544,139530.54,90.37,624.58,14,Premium
6011693194885790,2573,138809.79,53.95,5735.43,14,Premium
180067151859700,1525,138291.22,90.68,2592.36,14,Premium
630441765090,2023,138146.56,68.29,12518.62,14,Premium
4623560839669,2069,138003.86,66.7,6934.27,14,Premium
4874017206859125,1572,137744.41,87.62,2449.78,14,Premium
4810839835482794272,2042,137597.22,67.38,6202.65,14,Premium
30135235368675,1559,137561.26,88.24,1171.19,14,Premium
3527536963490470,2503,137090.74,54.77,2101.72,14,Premium
342351256941125,1555,136179.22,87.58,1622.2,14,Premium
4178097073221156,1538,135962.28,88.4,2250.71,14,Premium
6011329966782895,1549,135569.7,87.52,2465.3,14,Premium
4089096483689733451,1533,135433.21,88.35,1652.74,14,Premium
3514865930894695,2070,135038.51,65.24,3426.28,14,Premium
30407675418785,2048,134883.93,65.86,10926.44,14,Premium
4328928491302401,1549,134821.33,87.04,1497.21,14,Premium
6597888193422452,2064,134637.93,65.23,5506.61,14,Premium
3524574586339330,1553,134581.52,86.66,2025.15,14,Premium
6011388901471808,2064,134152.86,65.0,9092.75,14,Premium
4988304376504,2052,133746.9,65.18,2729.42,14,Premium
4147608975828480,2074,133741.76,64.48,2853.48,14,Premium
3582754887089201,2046,133412.37,65.21,3579.08,14,Premium
3556613125071656,2556,133290.41,52.15,6756.43,14,Premium
4424338559877976,2000,133147.97,66.57,2135.32,14,Premium
4826655832045236,2090,133069.28,63.67,1511.35,14,Premium
4430881574719618,2037,132577.1,65.08,3348.47,14,Premium
4265776278887457,2032,132522.65,65.22,1797.32,14,Premium
4173950183554608,2035,132190.09,64.96,5322.45,14,Premium
4990494243023,2069,132139.85,63.87,4215.99,14,Premium
180067784565096,2063,132074.09,64.02,1468.87,14,Premium
4862293128558,2088,132072.19,63.25,10665.33,14,Premium
3546897637165774,2019,132048.92,65.4,9128.38,14,Premium
4736845434667908128,2035,131795.24,64.76,6062.72,14,Premium
370612217861404,1512,131671.12,87.08,1830.12,14,Premium
4839615922685395,2106,131315.6,62.35,2723.89,14,Premium
2288813824604479,1537,131245.12,85.39,1856.92,14,Premium
6593250708747804,1556,130820.25,84.07,1237.93,14,Premium
6517217825320610,2083,130736.27,62.76,4136.2,14,Premium
4658490815480264,2062,130711.5,63.39,3441.37,14,Premium
3523898249167098,2056,130675.94,63.56,2815.06,14,Premium
6011860238257910,2087,130640.59,62.6,2299.76,14,Premium
3518669219150142,2525,130379.62,51.64,2817.76,14,Premium
348789608637806,2080,129854.37,62.43,1602.33,14,Premium
3526826139003047,2034,129638.95,63.74,1460.95,14,Premium
3559679414981506,1528,129606.83,84.82,1827.48,14,Premium
180018375329178,1521,129486.42,85.13,1904.84,14,Premium
3560725013359375,2049,128767.34,62.84,1813.05,14,Premium
377993105397617,2060,128367.82,62.31,5752.54,14,Premium
2283743876903625,2562,128123.15,50.01,2492.04,14,Premium
4149635823017,2016,127738.45,63.36,4080.93,14,Premium
502012776709,2001,127686.6,63.81,1667.65,14,Premium
3573030041201292,2089,127636.62,61.1,5801.49,14,Premium
3567879740649740,2068,127371.96,61.59,3102.21,14,Premium
4092452671396169678,2049,127339.91,62.15,1456.3,14,Premium
38530489946071,2044,127139.52,62.2,2342.5,14,Premium
3576021480694169,2527,127102.97,50.3,3501.79,14,Premium
4079773899158,2038,126847.04,62.24,1093.55,14,Premium
38588538868506,2048,126846.89,61.94,3887.5,14,Premium
4319584480204988982,2032,126792.35,62.4,1266.38,14,Premium
4586260469584,2037,126776.07,62.24,2895.8,14,High
3560318482131952,2087,126554.37,60.64,1395.7,14,High
4634955908138648,2047,126459.16,61.78,13106.14,14,High
377234009633447,2024,126453.25,62.48,1472.16,14,High
4769426683924058915,2027,126366.77,62.34,1366.31,14,High
4191109180926792,1528,126333.89,82.68,1185.45,14,High
5456776410929288,2037,126031.57,61.87,2190.37,14,High
374497717543058,2041,125721.42,61.6,4670.25,14,High
584673555952,2036,125572.94,61.68,2455.56,14,High
3567697931646329,2521,125374.08,49.73,5444.24,14,High
4509142395811241,2016,125164.73,62.09,4547.6,14,High
4294930380592,2075,125069.65,60.27,1122.27,14,High
630469040731,2047,124645.52,60.89,1433.54,14,High
4797297220948468262,2541,124572.35,49.02,2326.26,14,High
30175986190993,2059,124566.73,60.5,1159.03,14,High
5359543825610251,2043,124324.86,60.85,3683.54,14,High
2297447006766555,2075,124194.62,59.85,3774.18,14,High
4449530933957323,2041,124130.38,60.82,1130.09,14,High
38052002992326,2588,124081.92,47.95,2198.82,14,High
30118423745458,2054,123996.64,60.37,1948.23,14,High
3593118134380341,2080,123890.17,59.56,1395.25,14,High
4640395708703,2038,123886.06,60.79,1946.21,14,High
375248307838179,2053,123872.39,60.34,6527.88,14,High
573860193545,2092,123801.12,59.18,4399.61,14,High
4400011257587661852,2030,123540.59,60.86,2640.36,14,High
4587577161160601,2050,123280.53,60.14,4350.53,14,High
30501624614310,2058,123209.1,59.87,7508.46,14,High
3533012926413100,2101,123069.42,58.58,7624.33,14,High
2383461948823908,2037,122678.24,60.22,1095.21,14,High
3598304579370089,2039,122670.89,60.16,1671.73,14,High
2254799658404120,1522,122144.42,80.25,1099.74,14,High
4951647200979051,2043,122017.83,59.72,2692.63,14,High
6554245334757802,1543,121787.87,78.93,9861.17,14,High
4128730454058057622,2034,121737.63,59.85,3475.86,14,High
3533742182628021,2587,121544.14,46.98,1832.38,14,High
676195318214,2051,121176.89,59.08,3599.47,14,High
2266735643685262,2050,121114.19,59.08,5758.98,14,High
4377338765909719,2073,121059.43,58.4,1764.26,14,High
4653879239169997,2564,120945.28,47.17,2418.1,14,High
38580485618059,2066,120744.19,58.44,848.62,14,High
4642894980163,2021,120462.62,59.61,2228.69,14,High
4500002361389,2015,120455.39,59.78,1202.47,14,High
213180742685905,2036,120327.36,59.1,3369.62,14,High
2235613922823698,2003,119840.66,59.83,4604.19,14,High
3564839259330465,2013,119780.02,59.5,2690.04,14,High
4169759661243568,2069,119384.81,57.7,2589.87,14,High
213178765398315,2002,119177.55,59.53,4652.27,14,High
180042946491150,2029,118935.62,58.62,3133.18,14,High
377113842678100,2024,118863.79,58.73,1318.51,14,High
36078114201167,2015,118791.07,58.95,2237.68,14,High
30029052116970,2080,118440.17,56.94,2754.99,14,High
375974680629816,2025,118120.78,58.33,3465.92,14,High
4671727014157745,2046,118007.7,57.68,1072.98,14,High
3501509250702469,2063,117991.67,57.19,2016.53,14,High
4198470814557,2028,117961.01,58.17,3373.42,14,High
345389171551808,2087,117004.11,56.06,1670.92,14,High
375767678113375,1512,116997.45,77.38,7110.1,14,High
4502539526809429801,1513,116509.3,77.01,13536.84,14,High
2248735346244816,2035,116082.04,57.04,949.79,14,High
3513618443244549,2018,116015.27,57.49,1280.41,14,High
3568255211412877,2034,115840.27,56.95,1468.08,14,High
4384910379661778,1523,115461.3,75.81,12787.51,14,High
3596357274378601,2070,115412.23,55.75,4180.78,14,High
4239552724014407,1551,115361.47,74.38,1841.54,14,High
5559857416065248,1564,115147.81,73.62,11422.83,14,High
676281772837,1524,114334.38,75.02,11960.97,14,High
4158945090781624,2058,114164.82,55.47,3194.76,14,High
4708992452821239,2014,113633.02,56.42,1264.61,14,High
676369110710,2049,113588.93,55.44,1909.33,14,High
6011542681743618,2090,113476.27,54.29,2265.44,14,High
38295635583927,2052,113131.52,55.13,1800.57,14,High
675990301623,2042,112762.0,55.22,1856.16,14,High
3583793405872580,2026,112757.89,55.66,3715.62,14,High
2576709887791552,1538,112274.65,73.0,8895.57,14,High
4220345354880,1557,111345.77,71.51,4682.99,14,High
630425673344,1562,111329.77,71.27,11371.95,14,High
4476840372112,2109,111276.82,52.76,2041.13,14,High
6011366578560244,2060,110733.85,53.75,3754.68,14,High
3512365128314616,2013,110573.07,54.93,1894.64,14,High
4469777115158234880,2058,110269.24,53.58,1545.65,14,High
4488258847705225890,1557,110211.85,70.78,3870.38,14,High
4247921790666,1549,110189.95,71.14,1536.63,14,High
4683520018489354,1538,110189.51,71.64,5364.61,14,High
2291163933867244,1561,109741.88,70.3,2099.97,14,High
4155021259183870,2030,109728.53,54.05,2864.42,14,High
2348245054386329,1563,109473.41,70.04,2459.24,14,High
3523843138706408,2056,109341.19,53.18,2723.39,14,High
5130484058948421,1026,109295.91,106.53,1089.82,14,High
4550599031376731,1540,109289.95,70.97,1461.86,14,High
30235268718158,1524,108938.77,71.48,12788.07,14,High
4538566639857,1569,108255.85,69.0,2338.86,14,High
213154573301411,1054,108082.54,102.55,1051.66,14,High
4260128500325,1466,108067.99,73.72,1256.8,14,High
2286236465059468,1513,108026.64,71.4,9455.15,14,High
376656886990758,1537,107956.91,70.24,6027.11,14,High
2269768987945882,1577,107954.02,68.46,1731.62,14,High
2233882705243596,1578,107945.85,68.41,5734.09,14,High
375082648741747,2048,107501.79,52.49,3124.85,14,High
30082025922891,1550,107295.59,69.22,2788.38,14,High
30343344410970,1523,107119.88,70.33,11694.98,14,High
6011552879910390,1054,107054.96,101.57,1101.74,14,High
676173792455,1538,107049.69,69.6,3333.99,14,High
5596347693144598,1518,107024.75,70.5,4586.04,14,High
3566875419572867,1022,106948.32,104.65,1050.15,14,High
4186530744674,1581,106809.54,67.56,1738.19,14,High
4060579726528237,1543,106249.57,68.86,2386.16,14,High
6011399591920186,2023,106041.46,52.42,2550.73,14,High
378278619832195,1558,106027.95,68.05,5187.8,14,High
345832460465610,1535,105795.17,68.92,3363.64,14,High
501802953619,1559,105725.56,67.82,5386.67,14,High
60422928733,1531,105640.2,69.0,1290.37,14,High
4302475216404898,1541,105606.76,68.53,6879.83,14,High
3558652751678952,1525,105603.11,69.25,2543.67,14,High
4365382885912355,1040,105568.67,101.51,948.33,14,High
3549202406645667,1527,105524.95,69.11,2272.78,14,High
3552581383553463,1553,105418.35,67.88,7747.73,14,High
180065479077096,1544,105370.03,68.24,1548.29,14,High
4727244663135968,1560,105218.38,67.45,3316.28,14,High
3525668150756629,1033,105047.05,101.69,959.27,14,High
6011999606625827,1517,104803.97,69.09,2353.72,14,High
3598014571045296,1001,104608.91,104.5,1919.62,14,High
3514897282719543,1496,104524.46,69.87,2485.85,14,High
577588686219,1494,104313.8,69.82,769.26,14,High
30033162392091,1043,104274.43,99.98,1170.45,14,High
213155997615567,1023,104248.19,101.9,1203.86,14,High
3502377050801561,1543,104238.63,67.56,1748.94,14,High
4292902571056973207,1512,104220.94,68.93,1067.49,14,High
3540075240003197,2028,104208.09,51.38,2703.43,14,High
213173753804333,1554,103644.68,66.7,1681.43,14,High
4393520897625,1036,103573.23,99.97,1020.45,14,High
374125201044065,1534,103435.58,67.43,5066.96,14,High
343668971234893,1529,103382.59,67.61,1503.12,14,High
6547670341037171,1531,103350.44,67.51,3592.57,14,High
3506040590383211,1019,103339.96,101.41,1118.58,14,High
4355790796238264643,1506,103198.39,68.52,1989.5,14,High
4208110975550360171,1039,103070.55,99.2,1206.74,14,High
4715741951931168360,1587,102541.1,64.61,4029.6,14,High
2305336922781618,1563,102336.76,65.47,7812.76,14,High
30561214688470,2107,102164.67,48.49,4416.47,14,High
30153452207526,1560,101960.86,65.36,1093.94,14,High
3501942333500073,2052,101959.27,49.69,2393.29,14,High
343464013864032,1511,101850.14,67.41,5074.28,14,High
3533800906065217,1512,101834.08,67.35,2080.81,14,High
3560697798177746,1555,101709.45,65.41,4221.12,14,High
2296006538441789,2033,101672.31,50.01,2116.9,14,High
2713913904780408,1597,101588.79,63.61,1476.18,14,High
6011934240159560,1014,101443.57,100.04,1029.47,14,High
3519607465576254,1547,101271.79,65.46,4449.16,14,High
3586955669388457,1023,101158.51,98.88,680.57,14,High
4689147265057948423,1535,101105.95,65.87,5737.92,14,High
5388659976630693,1558,100979.25,64.81,1765.83,14,High
583699482621,1505,100972.57,67.09,6423.02,14,High
30328384440870,1543,100931.97,65.41,2226.16,14,High
3559723917628303,1020,100714.34,98.74,1018.9,14,High
213102873001603,1526,100709.91,66.0,3907.4,14,High
372382441451095,1527,100683.42,65.94,7288.5,14,High
6573561108825071,1527,100510.8,65.82,1146.72,14,High
36721445180895,1535,100502.7,65.47,1918.68,14,High
5501083170975659,1549,100466.21,64.86,1545.24,14,High
341546199006537,1568,100373.9,64.01,3178.51,14,High
213161231269724,1540,100244.36,65.09,3257.14,14,High
30290551782700,1522,100073.92,65.75,3593.23,14,High
3506042666828517,1539,100024.71,64.99,1253.71,14,High
6011679934075347,1527,99945.62,65.45,14238.11,14,High
5580563567307107,1050,99940.77,95.18,1097.76,14,High
30404291151692,1058,99938.43,94.46,1629.08,14,High
4210078554961359092,1556,99718.87,64.09,1649.72,14,High
503848303379,1549,99595.92,64.3,1960.29,14,High
571844099986,1542,99329.33,64.42,1969.49,14,High
501899453424,1520,99202.86,65.27,4154.78,14,High
347073228412010,1052,98893.77,94.01,935.83,14,High
4102003771126577611,1523,98852.12,64.91,8160.1,14,High
3547574373318979,1559,98738.37,63.33,2012.72,14,High
180072527505094,1517,98652.62,65.03,2508.17,14,High
4800395067176717,1543,98531.7,63.86,4976.59,14,High
675909898057,1017,98422.99,96.78,27390.12,14,High
4474324669797121,1527,98406.27,64.44,3778.58,14,High
373043435942726,1049,98183.65,93.6,1083.02,14,High
3547560454237873,1546,98145.21,63.48,1439.03,14,High
2720830304681674,1042,98095.73,94.14,1569.23,14,High
213126662687660,1530,98078.93,64.1,3573.53,14,High
4488941175228467,1045,98023.1,93.8,1139.36,14,High
4958589671582726883,1476,97973.69,66.38,4292.86,14,High
4128027264554082,1534,97951.02,63.85,2568.85,14,High
213163860545705,1026,97906.83,95.43,1119.81,14,High
213174467670432,1528,97748.5,63.97,1140.6,14,High
3517527805128735,1529,97715.64,63.91,5339.63,14,High
4169388510116,1535,97643.75,63.61,5451.54,14,High
568279015842,1070,97101.83,90.75,834.38,14,High
344342339068828,1532,97053.98,63.35,1388.58,14,High
375848982312810,1525,96650.7,63.38,2055.34,14,High
4783226709001,1560,96649.63,61.95,2838.23,14,High
4342532437704183,1539,96364.3,62.61,2637.33,14,High
213175487106448,1548,96359.17,62.25,1489.64,14,High
213161293389774,1471,96060.64,65.3,3759.9,14,High
372246459334925,1569,96007.41,61.19,1095.23,14,High
30518206766474,1519,95981.09,63.19,6347.2,14,High
213195754007681,1523,95744.47,62.87,1379.07,14,High
675945690716,1570,95650.37,60.92,3404.22,14,High
30263540414123,1513,95594.78,63.18,1143.39,14,High
180084576295055,1512,95228.85,62.98,1032.1,14,High
4981132848794,1525,95104.77,62.36,3498.36,14,High
6595970453799027,1548,95004.54,61.37,3295.41,14,High
4379260813815979609,1566,94982.03,60.65,2565.38,14,High
343746486082492,1540,94869.21,61.6,4248.63,14,High
4067137330196900,1539,94741.49,61.56,3792.22,14,High
6511349151405438,1545,94724.45,61.31,2551.98,14,High
639030014711,1033,94721.85,91.7,1062.26,14,High
180064817343047,1538,94584.21,61.5,1143.64,14,High
4482427013979020,1537,94533.46,61.51,1467.8,14,High
213125815021702,1556,94313.47,60.61,1731.74,14,High
3543299015720986,1009,93858.7,93.02,2680.47,14,High
371009169330125,1519,93405.46,61.49,9754.72,14,High
374656033243756,1535,93164.68,60.69,5886.3,14,High
213161869125933,1558,93147.76,59.79,1679.43,14,High
4890424426862856940,1496,92979.83,62.15,4369.19,14,High
377654590313960,1514,92886.14,61.35,1468.67,14,High
3585740823295298,1552,92856.2,59.83,4830.66,14,High
30150717898388,1529,92780.5,60.68,2475.28,14,High
3504178999463051,1547,92772.01,59.97,3230.03,14,High
4477156602511939689,1045,92577.19,88.59,1598.58,14,High
4710826438164847414,1533,92519.62,60.35,1506.96,14,High
4585132874641,1535,92072.04,59.98,3234.47,14,High
4025612008285111,1514,91934.36,60.72,1439.54,14,High
36153880429415,1060,91816.09,86.62,15305.95,14,High
639046421587,1003,91754.31,91.48,601.51,14,High
3575540972310993,1542,91702.69,59.47,8642.55,14,High
4066595222529,1519,91524.03,60.25,1639.0,14,High
213124978348176,1503,91514.55,60.89,1539.51,14,High
5104807169438134,1033,91377.44,88.46,1533.22,14,High
30560609640617,1567,91263.85,58.24,1463.37,14,High
213199865312311,1504,91220.28,60.65,1234.76,14,High
5152054598359927,1522,91041.98,59.82,3718.83,14,High
4378993458389626,1525,90395.97,59.28,7144.67,14,High
4048508450704760,1554,90214.94,58.05,2004.35,14,High
4570636521433188,1025,90164.46,87.97,1060.16,14,High
4119762878330989,1519,90077.57,59.3,1843.95,14,High
6506982560413523,1056,90024.42,85.25,1508.7,14,High
4277232699798846,1491,89697.62,60.16,1528.61,14,High
4635330563105903,1021,89649.41,87.81,1445.48,14,High
4294040533480516,1558,89198.7,57.25,1392.55,14,High
4707867759656333,1517,89170.54,58.78,1426.52,14,High
4497451418073897078,1016,89137.3,87.73,1529.9,14,High
4810789809665942990,1544,89016.68,57.65,2851.9,14,High
4229733778084049,1557,88521.18,56.85,2657.35,14,High
3538520143479972,1542,88514.24,57.4,1114.08,14,Medium
4292743669224718067,1565,88388.26,56.48,3593.31,14,Medium
3591919803438423,1526,88351.49,57.9,5579.69,14,Medium
676298633337,1528,88274.34,57.77,1727.69,14,Medium
4989847570577635369,1007,88195.62,87.58,1223.85,14,Medium
3528407217576457,997,87850.89,88.12,1868.33,14,Medium
30103132002433,1035,87155.63,84.21,1316.22,14,Medium
4742883543039288059,1527,86603.74,56.71,3219.2,14,Medium
4423489490781412,1527,86401.14,56.58,1203.52,14,Medium
30143535920989,1514,86154.81,56.91,4218.32,14,Medium
30364087349027,1523,85660.79,56.24,1445.38,14,Medium
6592861994408652,1509,85420.46,56.61,1270.97,14,Medium
3529597810116815,1520,85069.66,55.97,1098.6,14,Medium
60416207185,1518,85043.47,56.02,3075.09,14,Medium
2222001896600109,1538,84626.83,55.02,1689.69,14,Medium
30092964733035,1052,84424.76,80.25,2018.47,14,Medium
6544734391390261,1526,83358.48,54.63,1775.7,14,Medium
4607072969078276,1519,83122.77,54.72,6853.9,14,Medium
4761403817546679245,1553,83004.06,53.45,1536.25,14,Medium
3592931352252641,1007,82578.61,82.0,14849.74,14,Medium
6011492816282597,1551,82347.89,53.09,1365.97,14,Medium
3585052663373890,1021,82117.88,80.43,14467.64,14,Medium
38057513087029,1510,82076.18,54.36,4343.37,14,Medium
38947654498698,1500,81897.43,54.6,1724.79,14,Medium
30266994494236,1507,81863.49,54.32,1314.86,14,Medium
4973530368125489546,1040,81508.22,78.37,8749.44,14,Medium
3506592072985012,1547,81234.47,52.51,9555.26,14,Medium
3565196229855512,1027,80998.59,78.87,6585.99,14,Medium
4629451965224809,1531,80830.38,52.8,1362.39,14,Medium
3518758680062249,1497,80568.92,53.82,1330.45,14,Medium
3520550088202337,989,79783.69,80.67,1292.21,14,Medium
378904938837132,1535,79674.02,51.9,1775.42,14,Medium
30427035050508,1021,78105.89,76.5,1748.47,14,Medium
4255397449664185994,1033,77174.36,74.71,5940.23,14,Medium
3554849923339851,1030,76606.0,74.37,7123.0,14,Medium
377895991033232,1033,76452.88,74.01,2355.32,14,Medium
3519232971341141,1047,75736.86,72.34,1268.18,14,Medium
3567527758368741,1018,75713.26,74.37,4618.34,14,Medium
676245600876,1035,75467.27,72.92,2763.63,14,Medium
2719496466799416,1039,74960.89,72.15,4284.52,14,Medium
4306630852918,1030,74507.14,72.34,2185.23,14,Medium
4969856774088583,1027,74212.91,72.26,6337.25,14,Medium
4045036286570100739,1009,74009.05,73.35,3892.29,14,Medium
180014262259255,1019,73771.98,72.4,1450.67,14,Medium
213191402330021,1571,73737.51,46.94,1658.03,14,Medium
4266200684857219,1026,73643.43,71.78,2830.4,14,Medium
348379466427142,1025,73609.54,71.81,1408.74,14,Medium
60490596305,1010,73531.44,72.8,1308.16,14,Medium
4306586894261180,1010,73400.12,72.67,5697.9,14,Medium
4070511711385545,985,73360.58,74.48,14112.59,14,Medium
2248348993063230,1016,73024.94,71.87,8762.37,14,Medium
4390966588600992777,1031,72839.35,70.65,2372.2,14,Medium
4658117080136,1004,72836.85,72.55,6684.7,14,Medium
6524376634971418,1029,72749.28,70.7,1701.6,14,Medium
4505383113689,1008,72668.28,72.09,5356.03,14,Medium
4451438912406400,993,72664.38,73.18,1096.85,14,Medium
376262134119629,1029,72628.13,70.58,1461.6,14,Medium
4254074738931278,1023,72586.18,70.95,2491.24,14,Medium
6011382886333463,999,72526.18,72.6,2900.62,14,Medium
4383521454815,1041,72478.21,69.62,8059.02,14,Medium
676118385837,1029,72423.1,70.38,1148.75,14,Medium
213153151785052,1544,72392.82,46.89,2609.97,14,Medium
4312133045694601139,1039,72286.07,69.57,2541.64,14,Medium
4839043708100390,1001,72201.37,72.13,1006.38,14,Medium
4788103653396,1002,72180.26,72.04,1763.1,14,Medium
502049568400,1032,71884.75,69.66,7772.82,14,Medium
6011360759745864,1044,71655.11,68.64,1095.97,14,Medium
6011252220172077,994,71643.54,72.08,779.51,14,Medium
30143713661454,1047,71158.15,67.96,7272.11,14,Medium
4259996134423,1026,70914.95,69.12,2967.92,14,Medium
6011603272871604,1033,70910.23,68.64,1137.33,14,Medium
2512312531485080,1043,70895.6,67.97,1162.18,14,Medium
4562827002127,1069,70766.39,66.2,3144.69,14,Medium
2720894374956739,1039,70590.74,67.94,1570.52,14,Medium
4497913965512794052,1036,70452.96,68.0,2249.41,14,Medium
379897244598068,1041,70389.31,67.62,3856.42,14,Medium
30546453310167,1000,69899.01,69.9,6161.76,14,Medium
340103199302564,1044,69801.54,66.86,1113.65,14,Medium
180017442990269,1045,69761.26,66.76,1791.08,14,Medium
213113028819344,1029,69663.75,67.7,2978.7,14,Medium
4003771737807706,1013,69602.28,68.71,2823.41,14,Medium
4601636330889,1005,69600.68,69.25,3069.47,14,Medium
2256234701263057,1038,69557.95,67.01,1242.41,14,Medium
4220495028289516646,1027,69491.11,67.66,1685.13,14,Medium
6011681934117244,1039,69346.22,66.74,1186.46,14,Medium
180069253480336,1015,69336.1,68.31,1458.32,14,Medium
4897067971111209737,1038,69330.82,66.79,2570.75,14,Medium
4957924165498,1045,69216.93,66.24,1415.42,14,Medium
4922710831011201,1009,69209.21,68.59,1329.24,14,Medium
4561892980175,1019,69151.67,67.86,1432.8,14,Medium
6011626928491360,1031,69117.34,67.04,1350.8,14,Medium
3558881852140592,1052,68894.66,65.49,1822.92,14,Medium
6596735789587928,1022,68864.07,67.38,1610.0,14,Medium
180046765320457,1014,68863.68,67.91,978.39,14,Medium
371034293500716,1028,68795.25,66.92,5234.79,14,Medium
377550167323848,1036,68763.18,66.37,1414.96,14,Medium
343472729187663,1025,68540.26,66.87,11872.21,14,Medium
4822367783500458,1008,68523.16,67.98,5014.53,14,Medium
370818583810103,1002,68339.49,68.2,3523.52,14,Medium
2657850734909997,1026,68095.41,66.37,1077.45,14,Medium
180046617132290,1024,68061.34,66.47,1296.59,14,Medium
4740713119940984,1051,67901.35,64.61,1010.82,14,Medium
3534718226968689,1022,67864.68,66.4,5669.13,14,Medium
370348764075623,1009,67748.76,67.14,1335.17,14,Medium
4471568287204,1050,67651.48,64.43,2099.47,14,Medium
4018105808392773675,1012,67455.97,66.66,7865.46,14,Medium
6011305591981276,1028,67435.53,65.6,1255.57,14,Medium
6528911529051375,1055,67399.06,63.89,6085.93,14,Medium
371284424780634,1028,67378.83,65.54,2848.8,14,Medium
676148621961,1034,67262.78,65.05,1230.42,14,Medium
4670613943676271,1027,67254.11,65.49,1782.23,14,Medium
4952583804639909,1002,66986.42,66.85,1062.15,14,Medium
3562679455732797,1040,66859.39,64.29,1060.77,14,Medium
4599735407877245080,1008,66855.58,66.32,1635.57,14,Medium
6550399784335736,1027,66847.29,65.09,2685.35,14,Medium
30376238035123,1043,66808.57,64.05,1555.17,14,Medium
3597337756918966,1027,66615.58,64.86,1257.44,14,Medium
3565423334076143,1042,66555.1,63.87,2023.85,14,Medium
6592243974328236,1012,66377.33,65.59,2795.99,14,Medium
4657269323674365,1028,66347.32,64.54,1139.52,14,Medium
6011917798331152,1008,66286.01,65.76,2179.79,14,Medium
4599285557366057,972,66229.55,68.14,475.66,14,Medium
2356276337669917,1016,66167.3,65.13,4169.42,14,Medium
3528231451607350,1047,66081.09,63.11,2080.61,14,Medium
4427805710168,1538,66059.67,42.95,3440.42,14,Medium
4467456915153312231,1026,65695.78,64.03,1187.86,14,Medium
4006047418382,1009,65550.62,64.97,1055.17,14,Medium
180046165512893,1046,65509.08,62.63,1133.32,14,Medium
6540981358631302,1034,65449.04,63.3,1132.86,14,Medium
3517814635263522,1021,65383.83,64.04,1089.32,14,Medium
376012912828093,1012,65327.34,64.55,2252.51,14,Medium
580954173374,1034,65300.62,63.15,2405.26,14,Medium
371985236239474,1010,65178.73,64.53,1681.65,14,Medium
676248282243,1027,65173.73,63.46,1209.91,14,Medium
4428780983793657331,998,65133.0,65.26,1827.89,14,Medium
3546674063249004,1034,65084.62,62.94,1369.62,14,Medium
2285066385084291,1021,65050.94,63.71,5591.35,14,Medium
30248898834493,1025,64885.16,63.3,1116.53,14,Medium
4651007077623147,1040,64567.24,62.08,1063.18,14,Medium
343819048608995,1045,64559.55,61.78,2276.72,14,Medium
4509922033272157,1046,64549.63,61.71,6993.63,14,Medium
4311368326621416041,1041,64490.73,61.95,1055.47,14,Medium
4859525594182537,1039,64482.58,62.06,1265.61,14,Medium
345060451158891,1031,64385.27,62.45,1237.57,14,Medium
4225990116481262579,1032,64381.29,62.38,1436.29,14,Medium
4358137750029944984,1055,64295.17,60.94,3430.61,14,Medium
3513506355699497,1054,64291.24,61.0,1310.23,14,Medium
3533177016567295,1038,64238.11,61.89,1048.8,14,Medium
180081032825079,1039,64062.22,61.66,1618.02,14,Medium
374238209524200,1045,63569.79,60.83,1020.86,14,Medium
30242921189660,1028,63523.23,61.79,2023.82,14,Medium
213114122496591,1024,63491.1,62.0,1514.61,14,Medium
4239436242473,1049,63456.94,60.49,3445.61,14,Medium
4195740185974,1023,63451.69,62.03,994.77,14,Medium
3597926034019603,1049,63416.41,60.45,2430.43,14,Medium
30344654314976,1023,63105.0,61.69,2060.15,14,Medium
213120463918358,1038,63010.83,60.7,841.07,14,Medium
341283058448499,1046,63007.03,60.24,3999.03,14,Medium
4410582919485061752,1013,62974.69,62.17,2216.22,14,Medium
378858024506425,1035,62961.83,60.83,1225.3,14,Medium
501831082224,1026,62874.97,61.28,1088.26,14,Medium
3508104404056005,1039,62763.73,60.41,1673.89,14,Medium
6011231546538393,1047,62659.8,59.85,1894.29,14,Medium
375904527651269,1015,62451.65,61.53,3197.63,14,Medium
4933461930348832,1020,62358.19,61.14,1835.53,14,Medium
4996263498048679,1031,61957.73,60.09,2135.91,14,Medium
3599237318576484,1058,61689.8,58.31,1004.44,14,Medium
4428154703770710,1047,61387.8,58.63,954.59,14,Medium
30371006069917,1014,61010.45,60.17,1003.41,14,Medium
2450829271795901,1041,60866.51,58.47,1386.64,14,Medium
3573386445588324,1024,60812.64,59.39,1390.29,14,Medium
4279161831637,1006,60683.46,60.32,4571.4,14,Medium
4961003488432306,1026,60659.69,59.12,2785.79,14,Medium
3564182536169293,1003,59993.09,59.81,2498.05,14,Medium
676309913934,1048,59589.16,56.86,1218.38,14,Medium
4063094974360571498,1001,59244.61,59.19,1288.1,14,Medium
180056173248083,1029,59204.85,57.54,3922.79,14,Medium
4710792708725663,1014,59201.94,58.38,2863.71,14,Medium
60427851591,528,59129.61,111.99,1164.36,14,Medium
4917187576956394,990,58879.42,59.47,2148.95,14,Medium
4661996144291811856,1026,58850.06,57.36,996.36,14,Medium
60423098130,510,58673.63,115.05,27119.77,14,Medium
371284100299909,1023,58459.33,57.14,2283.19,14,Medium
5456712664803820,1024,58259.94,56.89,1418.85,14,Medium
4104312520615374,1014,58222.95,57.42,1469.4,14,Medium
30487648872433,1029,58114.9,56.48,1186.82,14,Medium
4653178848915023204,1007,57935.15,57.53,1047.08,14,Medium
4555104582813474,505,56960.19,112.79,1111.31,14,Medium
341542810616333,1005,56944.93,56.66,835.03,14,Medium
4129767952109660,1031,56911.06,55.2,1694.21,14,Medium
4561368699336875,1046,56561.51,54.07,2291.23,14,Medium
213186880359195,535,56480.77,105.57,936.54,14,Medium
3563837241599446,1014,56340.33,55.56,4982.7,14,Medium
213186334552049,1037,56309.85,54.3,1144.03,14,Medium
3529597930342630,1036,56258.21,54.3,1804.89,14,Medium
4501449508569485,518,55861.09,107.84,1093.28,14,Medium
30408301059761,520,55550.76,106.83,26544.12,14,Medium
3577794103155425,998,55381.0,55.49,2091.16,14,Medium
3583293909206278,1011,55138.7,54.54,1097.16,14,Medium
4481131401752,1024,54942.32,53.65,1892.71,14,Medium
6502195877055606,521,54841.77,105.26,1206.13,14,Medium
4666314527820883145,520,54451.96,104.72,1116.8,14,Medium
2610529083834453,537,54186.16,100.91,1372.94,14,Medium
4879265611163287,521,53958.96,103.57,1074.66,14,Medium
4492491748959010,509,53862.05,105.82,1097.05,14,Medium
6011149206456997,531,53710.98,101.15,1021.93,14,Medium
630471368021,529,53668.33,101.45,1174.68,14,Medium
565399283797,521,53662.05,103.0,1066.55,14,Medium
3554818239968984,524,53291.88,101.7,987.16,14,Medium
4308156300921054,504,53053.08,105.26,1153.57,14,Medium
213198837352314,497,52621.13,105.88,1108.02,14,Medium
6501313409525696,537,52042.76,96.91,1077.29,14,Medium
4348786085525522,503,51459.73,102.31,982.17,14,Medium
4518350514020532,1006,51155.92,50.85,1163.36,14,Medium
5154903938030655,529,50758.74,95.95,2300.44,14,Medium
4713464490314802,533,50756.25,95.23,574.41,14,Medium
676275912597,529,50631.83,95.71,603.74,14,Medium
6011381817520024,995,50598.71,50.85,1119.23,14,Medium
2227671554547514,545,50388.53,92.46,1448.46,14,Medium
3550554389581384,527,50040.01,94.95,1024.66,14,Medium
676234256292,508,49441.2,97.33,1189.69,14,Medium
2454076758463217,521,49153.96,94.35,570.93,14,Medium
3540017235499519,520,49012.3,94.25,954.21,14,Medium
4433091568498503,513,48947.1,95.41,7708.1,14,Medium
581508178315,503,48899.14,97.21,582.96,14,Medium
213107169859697,514,48657.73,94.66,1543.07,14,Medium
4244953610136705533,516,48605.65,94.2,587.52,14,Medium
3576281490078437,516,48451.08,93.9,595.37,14,Medium
180068353086472,510,47986.52,94.09,1720.93,14,Medium
4026222041577,522,47702.77,91.38,1456.24,14,Medium
675961917837,540,47073.26,87.17,14407.25,14,Medium
180084695172649,503,46920.5,93.28,1696.7,14,Medium
4103158249977,506,46891.42,92.67,576.42,14,Medium
676314217768,522,46818.29,89.69,1161.72,14,Medium
676326610042,504,46610.43,92.48,1026.44,14,Medium
36192615525683,506,46320.91,91.54,1681.8,14,Medium
3579200383632826,519,46174.77,88.97,656.28,14,Medium
378006354724784,514,46140.49,89.77,654.5,14,Medium
6592074504369261,491,45803.46,93.29,882.11,14,Medium
3541554378551366,544,45399.95,83.46,1948.8,14,Medium
4633065159406313,550,45066.67,81.94,11629.34,14,Medium
4044436772018844508,517,44727.13,86.51,1289.89,14,Medium
2268221587779419,500,44063.55,88.13,1067.73,14,Medium
30011465039817,501,43939.45,87.7,1507.85,14,Medium
3513285035244624,529,43715.5,82.64,2042.69,14,Medium
346208242862904,528,43637.6,82.65,4169.5,14,Medium
3561212938177173,530,43472.38,82.02,3251.86,14,Low
3583093681934489,521,43387.62,83.28,1301.64,14,Low
6593939509150446,501,43100.12,86.03,847.47,14,Low
375237305371366,536,42992.96,80.21,1111.93,14,Low
6011393492413821,521,42477.19,81.53,2699.48,14,Low
4226219726886852999,508,42110.65,82.89,1586.6,14,Low
342035762534413,510,42076.58,82.5,1148.15,14,Low
4124536010991657,527,41810.7,79.34,1262.9,14,Low
4725837176265195730,501,41474.15,82.78,1686.3,14,Low
3544606805704278,533,41256.8,77.4,1805.06,14,Low
6011581063717667,516,41249.91,79.94,1643.34,14,Low
3562264947797243,525,41043.7,78.18,1211.84,14,Low
38544312728630,518,40982.45,79.12,796.54,14,Low
2358122155477959,536,40581.05,75.71,2665.05,14,Low
6569097840281287,501,40403.15,80.65,1234.32,14,Low
4789911625179723,502,40377.22,80.43,807.4,14,Low
30434173205605,502,40345.98,80.37,3918.79,14,Low
6526955903501879,542,40193.43,74.16,1308.59,14,Low
6011706277606006,528,40156.85,76.05,1702.69,14,Low
4116554952971686,513,40000.86,77.97,1647.89,14,Low
3581130339108561,511,39798.32,77.88,8296.8,14,Low
4600155880464,535,39743.77,74.29,1659.29,14,Low
4980323467523543940,532,39600.18,74.44,1327.43,14,Low
6526448584969862,519,39472.46,76.05,2166.63,14,Low
3598634130286287,517,39469.62,76.34,5027.6,14,Low
180058696935600,481,39357.9,81.83,1288.29,14,Low
2260801330657968,519,39271.48,75.67,2312.21,14,Low
6526777409109795,499,39215.53,78.59,1209.27,14,Low
3531606252458308,519,39143.85,75.42,1000.03,14,Low
3557442674264531,483,39034.92,80.82,868.0,14,Low
6539653032686894,554,38819.24,70.07,2251.3,14,Low
30373802285317,529,38739.48,73.23,1109.64,14,Low
180094608895855,518,38597.6,74.51,1293.23,14,Low
4855853415727304322,511,38589.07,75.52,1040.08,14,Low
4260059589824237,508,38418.91,75.63,1114.22,14,Low
4396682467723,524,38256.73,73.01,1482.96,14,Low
2280870154157385,524,38040.13,72.6,3024.63,14,Low
3536918668124647,519,37982.31,73.18,1739.03,14,Low
30360260465747,512,37977.74,74.18,1466.68,14,Low
4134456652433447,519,37908.9,73.04,1214.53,14,Low
3572976568630035,530,37792.94,71.31,1182.52,14,Low
4440581794652,523,37687.01,72.06,3944.28,14,Low
36890292963032,514,37455.69,72.87,1905.46,14,Low
376944481517097,529,37386.77,70.67,1022.18,14,Low
213113338379864,513,37317.28,72.74,1045.92,14,Low
6011948324228984,530,37293.18,70.36,1112.02,14,Low
2229824890647120,529,37183.15,70.29,1043.58,14,Low
4171397999167005,510,37053.81,72.65,1066.12,14,Low
501828204849,515,37041.66,71.93,1600.14,14,Low
3537797820923602,524,37009.36,70.63,1401.44,14,Low
4798937978667559470,510,36883.8,72.32,4090.62,14,Low
374821819075109,495,36718.81,74.18,1118.14,14,Low
676308307625,519,36643.34,70.6,2347.65,14,Low
676292294938,523,36642.28,70.06,917.85,14,Low
3598895972308782,504,36616.72,72.65,4090.79,14,Low
4610064888664703,475,36598.72,77.05,1053.08,14,Low
2318062975163331,508,36575.16,72.0,2160.44,14,Low
3576144910346950,540,36441.87,67.48,1915.41,14,Low
560881134780,512,36423.63,71.14,1191.14,14,Low
4425161475596168,506,36411.49,71.96,1415.74,14,Low
2274911989136158,509,36392.75,71.5,2091.25,14,Low
6011477612335392,534,36324.93,68.02,3014.28,14,Low
3592325941359225,505,36251.34,71.78,1173.68,14,Low
377264520876399,520,36230.07,69.67,1498.08,14,Low
4986925034905735,503,36203.1,71.97,1579.44,14,Low
4412720572684931,517,36160.38,69.94,5153.81,14,Low
3565414434959494,532,36121.2,67.9,1316.33,14,Low
4767265376804500,552,36101.73,65.4,1278.24,14,Low
2288748891690227,519,35990.84,69.35,1156.15,14,Low
3534093764340240,493,35878.9,72.78,1358.77,14,Low
3565996340207976,538,35841.84,66.62,1170.12,14,Low
4158758517677931,516,35819.57,69.42,3439.51,14,Low
639095706599,538,35815.45,66.57,1213.1,14,Low
342360239917375,504,35781.0,70.99,1171.78,14,Low
4725673654161314,515,35739.74,69.4,1507.78,14,Low
2231186809828225,538,35719.01,66.39,2094.77,14,Low
3565943051129759,494,35608.12,72.08,1026.61,14,Low
4209696857872688515,525,35513.8,67.65,3272.29,14,Low
377834944388609,495,35451.83,71.62,3777.63,14,Low
2284059275940012,503,35213.91,70.01,1200.44,14,Low
4687263141103,521,35152.98,67.47,3438.31,14,Low
6523180720198790,509,35056.43,68.87,1083.3,14,Low
4807552641361,510,35034.9,68.7,2309.93,14,Low
3542162746848552,521,34991.04,67.16,1113.41,14,Low
2235335206132667,518,34866.97,67.31,1360.22,14,Low
30570197515105,507,34828.42,68.7,2126.79,14,Low
6011197122270059,515,34778.45,67.53,1092.74,14,Low
3511058278399773,520,34744.95,66.82,1517.15,14,Low
3593399694467427,522,34512.39,66.12,1067.64,14,Low
4806443445305,521,34327.1,65.89,1864.86,14,Low
3540862542587229,525,34303.02,65.34,1245.75,14,Low
4760122961662,506,34279.95,67.75,1148.19,14,Low
3560246577314524,519,34216.94,65.93,1029.22,14,Low
3501365119557234,490,34208.98,69.81,3343.52,14,Low
36581538659449,519,34185.88,65.87,1039.11,14,Low
3577663406369449,507,34158.34,67.37,1717.81,14,Low
36360452125889,518,34022.65,65.68,1180.02,14,Low
4874006077381178,516,33980.38,65.85,1154.83,14,Low
4698163635895795,514,33923.12,66.0,1053.54,14,Low
371683116218417,513,33838.22,65.96,1082.34,14,Low
2224100459250597,492,33794.5,68.69,935.9,14,Low
3597980945245815,520,33773.59,64.95,1003.72,14,Low
5127412150261034,516,33769.65,65.45,1599.43,14,Low
4682744518117239,509,33708.92,66.23,1221.9,14,Low
6535328428560433,499,33690.23,67.52,1254.54,14,Low
3577596616955856,519,33648.58,64.83,1014.8,14,Low
4179719215697782,514,33607.73,65.38,1116.01,14,Low
3566373869538620,502,33443.91,66.62,1385.32,14,Low
3530503964418806,507,33376.17,65.83,1660.96,14,Low
2714019737356678,471,33364.35,70.84,413.86,14,Low
4917226033950,521,33310.58,63.94,1525.66,14,Low
501882822387,506,33222.23,65.66,3126.03,14,Low
38859492057661,503,33132.63,65.87,1219.65,14,Low
213136802746375,480,32916.13,68.58,1929.43,14,Low
373213026644490,534,32854.13,61.52,1181.61,14,Low
639077309909,505,32840.17,65.03,1080.21,14,Low
4914700582394237,515,32815.96,63.72,992.86,14,Low
379141394109214,504,32767.3,65.01,2122.19,14,Low
30518196150127,496,32589.25,65.7,5731.92,14,Low
4195832462863385,528,32568.73,61.68,1087.53,14,Low
4764202053279782,518,32561.28,62.86,1120.12,14,Low
30446018552504,532,32485.1,61.06,1958.91,14,Low
5289285402893489,511,32295.89,63.2,1612.21,14,Low
3595111028444131,511,32249.83,63.11,1464.06,14,Low
346243940647414,492,32232.48,65.51,3192.57,14,Low
571314334723,510,32200.93,63.14,2045.93,14,Low
4605902936394,516,32135.52,62.28,1031.92,14,Low
573283817795,533,32073.66,60.18,1392.24,14,Low
6515067575568369,521,32056.72,61.53,1510.82,14,Low
4756039869079882102,536,31983.1,59.67,757.9,14,Low
30181367542315,523,31807.3,60.82,1108.33,14,Low
6011975266774121,525,31759.77,60.49,498.43,14,Low
4972228199573984,499,31576.46,63.28,1972.84,14,Low
213186551511454,511,31547.9,61.74,916.56,14,Low
30357372465631,524,31507.27,60.13,1203.08,14,Low
4426075337087318654,501,31347.49,62.57,1059.57,14,Low
3541687240161491,492,31284.53,63.59,1071.82,14,Low
30541100351706,525,31229.54,59.48,1121.57,14,Low
4189814094741,502,31188.93,62.13,1434.29,14,Low
6564459919350820,518,31084.88,60.01,1006.48,14,Low
38014427445058,516,30856.91,59.8,1280.42,14,Low
4824023901222438,509,30618.18,60.15,763.11,14,Low
3527063666782582,501,30576.82,61.03,654.18,14,Low
347612609554823,519,30542.19,58.85,2011.74,14,Low
630412733309,516,30268.27,58.66,1022.06,14,Low
3536818734263520,509,30243.03,59.42,1012.71,14,Low
348253506557335,504,30219.51,59.96,1082.54,14,Low
4110266553600176127,512,30200.97,58.99,1984.21,14,Low
30596478689301,515,30087.68,58.42,967.49,14,Low
180047222886866,496,30019.51,60.52,1415.55,14,Low
4878364946692291,485,29987.19,61.83,966.04,14,Low
3500165543009955,503,29910.82,59.46,1703.76,14,Low
4462038234743679432,485,29663.27,61.16,682.33,14,Low
30510856607165,526,29594.88,56.26,576.96,14,Low
60495593109,518,29523.69,57.0,514.79,14,Low
3582402971899057,506,29366.85,58.04,842.27,14,Low
3576511691045060,518,29348.44,56.66,1124.86,14,Low
6597248210463122,503,29106.9,57.87,870.57,14,Low
570273151375,509,29003.12,56.98,852.84,14,Low
4158008602445,526,28981.76,55.1,1121.62,14,Low
4228411452607671,537,28704.06,53.45,1381.15,14,Low
180040027502291,491,28338.52,57.72,770.5,14,Low
4373370572092720777,493,27836.33,56.46,1139.01,14,Low
3560336828629935,524,27785.86,53.03,1151.44,14,Low
2222157926772399,510,27677.16,54.27,2214.83,14,Low
30491348102802,504,26992.04,53.56,565.06,14,Low
5410056176712193,490,26607.79,54.3,1094.38,14,Low
3551512895305309,490,26266.93,53.61,1008.29,14,Low
60487002085,496,25160.11,50.73,750.39,14,Low
30042378430132,498,25032.79,50.27,856.18,14,Low
4335531783520911,501,22403.39,44.72,1710.78,14,Low
6011935564104173,11,10437.0,948.82,1124.34,3,Low
4168696938629925,15,10404.97,693.66,1128.77,5,Low
3521260686633367,15,9384.03,625.6,1064.07,6,Low
3562793934111141,13,9097.31,699.79,1376.04,7,Low
577891228931,12,8789.74,732.48,1140.72,5,Low
3543885983111461,11,8564.29,778.57,1111.8,5,Low
4629125581019,12,8511.91,709.33,1197.23,6,Low
4593569795412,19,8431.93,443.79,1165.94,7,Low
3548710338694745,12,8350.56,695.88,1160.47,6,Low
4893092478075970,10,8339.69,833.97,1167.35,5,Low
180040131978916,9,8265.83,918.43,1289.07,4,Low
676179782773,11,8247.53,749.78,1017.68,4,Low
4659625317833446364,12,8131.43,677.62,1112.81,5,Low
4076173495454,12,7807.28,650.61,1154.81,5,Low
4669558618943766,10,7323.65,732.37,1036.91,5,Low
378262805520186,11,7229.89,657.26,1052.65,5,Low
6500249000784905,9,7192.92,799.21,1150.64,5,Low
4748866581408,10,7131.84,713.18,1002.39,6,Low
5144043920225212,10,7068.08,706.81,1213.87,5,Low
6517779374888867,11,7066.92,642.45,1097.42,6,Low
30499715231997,12,7045.77,587.15,1113.9,6,Low
4162872756672112717,10,6950.25,695.03,1167.88,5,Low
3535211949888417,8,6867.84,858.48,1153.76,4,Low
2295963260374698,10,6807.75,680.78,1021.63,5,Low
4204237326785494,13,6751.81,519.37,1016.39,6,Low
349813394357327,8,6737.85,842.23,1097.09,4,Low
180038493344495,10,6697.65,669.76,1027.85,5,Low
501851115094,15,6467.81,431.19,1256.43,5,Low
3547336099599450,11,6462.6,587.51,1097.96,6,Low
503886119844,9,6319.63,702.18,1108.11,5,Low
3590946339258737,9,6271.37,696.82,1157.97,5,Low
4457486401506,10,6263.21,626.32,1100.75,6,Low
676327197445,8,6197.95,774.74,1091.61,4,Low
345225948700767,10,6149.41,614.94,1135.74,5,Low
6577777028615915,7,6121.54,874.51,1313.18,4,Low
4575255480814133,9,6038.89,670.99,1134.9,6,Low
4844243189971,10,5858.01,585.8,1145.9,6,Low
6011518448009279,10,5857.35,585.73,981.23,4,Low
340214844585279,11,5767.01,524.27,1070.44,7,Low
4492677353108006,11,5764.55,524.05,1091.47,5,Low
6011732631674654,7,5671.95,810.28,1008.16,4,Low
3501285649323933,9,5523.45,613.72,1021.72,5,Low
3576207763781753,9,5362.9,595.88,1160.93,6,Low
3524485462198080,11,5342.77,485.71,1063.77,6,Low
2716017661090253,8,5314.88,664.36,938.98,4,Low
4180192513916047166,11,5113.92,464.9,1143.67,7,Low
3546436741611231,12,5098.57,424.88,1115.5,5,Low
3528040995648998,11,5007.6,455.24,938.92,7,Low
3542826960473004,10,4976.26,497.63,966.08,6,Low
501818133297,8,4946.54,618.32,1084.02,3,Low
4243521033756702612,9,4944.02,549.34,1066.46,5,Low
38534201672254,9,4908.57,545.4,1078.83,5,Low
4714017207228610634,7,4900.65,700.09,1030.21,3,Low
4157213332670159,8,4831.61,603.95,997.72,5,Low
4911818930706644725,9,4817.48,535.28,951.95,4,Low
3529788038921264,10,4788.19,478.82,1014.61,5,Low
4481172224716138389,8,4715.73,589.47,991.46,5,Low
4257110907449569602,10,4693.06,469.31,1172.01,6,Low
6011826317034777,9,4630.44,514.49,1012.77,5,Low
2287277963630565,9,4539.62,504.4,1004.6,5,Low
6011099828110011,9,4490.06,498.9,1009.39,5,Low
4598025465633,9,4404.16,489.35,1106.38,5,Low
5301645381939419,11,4175.17,379.56,1162.35,4,Low
4975457191020,7,4008.75,572.68,839.06,4,Low
4225628813173670,7,3830.65,547.24,970.89,3,Low
501894933032,7,3741.75,534.54,1031.8,3,Low
3545578418030657,7,3595.25,513.61,947.47,6,Low
4318414072191879,9,3588.5,398.72,1122.4,5,Low
375623337201129,10,3273.02,327.3,1006.25,7,Low
180097223252063,7,3203.73,457.68,975.85,2,Low
38817501916673,8,3023.4,377.93,1006.51,5,Low
4734310647841293,7,2494.25,356.32,1084.55,6,Low
4457136361520330110,8,2444.53,305.57,1084.6,5,Low
340187018810220,7,1496.1,213.73,332.35,2,Low
3554421171166228,8,1348.53,168.57,337.24,5,Low
